id,first_name,last_name,email,gender,department ,salary,country
1,Corliss,Antecki,cantecki0@soundcloud.com,Female,Accounting,6359,Mali
2,Leeland,Rickards,lrickards1@nba.com,Male,Legal,6754,Bulgaria
3,Sunny,Houchin,shouchin2@soup.io,Female,Services,6101,South Africa
4,Dulciana,Sharper,dsharper3@sfgate.com,Female,Training,7269,United Kingdom
5,Pollyanna,Dumphrey,pdumphrey4@apple.com,Female,Services,4294,France
6,Jo-anne,Robard,jrobard5@dailymotion.com,Female,Research and Development,7784,Sweden
7,Bennie,Olifard,bolifard6@csmonitor.com,Female,Support,6360,Ukraine
8,Guss,Hargreaves,ghargreaves7@unicef.org,Male,Accounting,4857,China
9,Candida,Darlington,cdarlington8@angelfire.com,Female,Product Management,4229,China
10,Trudy,Birchill,tbirchill9@qq.com,Female,Services,6841,Argentina
11,Michaella,Higgan,mhiggana@cyberchimps.com,Female,Accounting,7958,Thailand
12,Welsh,Raise,wraiseb@ucsd.edu,Male,Human Resources,4765,Sweden
13,Lilia,Monnoyer,lmonnoyerc@qq.com,Female,Engineering,5532,Malaysia
14,Brett,Ellacott,bellacottd@marriott.com,Male,Research and Development,4131,Russia
15,Johan,Domelaw,jdomelawe@dell.com,Male,Sales,8289,Sri Lanka
16,Elston,Seago,eseagof@cornell.edu,Male,Legal,5025,China
17,Casper,Haylett,chaylettg@cdc.gov,Male,Accounting,7204,Philippines
18,Gardy,Quinney,gquinneyh@ucoz.ru,Male,Product Management,4616,Palestinian Territory
19,Garnette,Warlton,gwarltoni@pagesperso-orange.fr,Female,Legal,6558,Czech Republic
20,Barnett,Skingle,bskinglej@aol.com,Male,Research and Development,6526,Philippines
21,Vernice,Durran,vdurrank@mayoclinic.com,Female,Business Development,4223,Nepal
22,Paten,Weadick,pweadickl@dell.com,Male,Support,4535,Peru
23,Dan,Berryman,dberrymanm@who.int,Male,Sales,4578,Greece
24,Dillon,Ambler,damblern@hostgator.com,Male,Product Management,7241,France
25,Johny,Hrinchishin,jhrinchishino@amazon.co.jp,Male,Product Management,8392,Sweden
26,Arlette,Denisovich,adenisovichp@irs.gov,Female,Human Resources,3159,South Sudan
27,Hall,Clatworthy,hclatworthyq@mtv.com,Male,Services,7225,China
28,Caprice,Strangman,cstrangmanr@boston.com,Female,Research and Development,8099,China
29,Lamar,Dilks,ldilkss@mit.edu,Male,Support,4598,China
30,Trudey,Rocco,troccot@storify.com,Female,Human Resources,8409,China
31,Carlyn,Arstingall,carstingallu@slashdot.org,Female,Business Development,3227,Philippines
32,Natalie,Kynd,nkyndv@yahoo.co.jp,Female,Services,7789,Vanuatu
33,Cordie,Echalier,cechalierw@princeton.edu,Male,Accounting,8434,Philippines
34,Siana,Orrice,sorricex@miibeian.gov.cn,Female,Business Development,7331,France
35,Laurianne,Angeli,langeliy@wufoo.com,Female,Sales,4017,Colombia
36,Webster,Jaume,wjaumez@opensource.org,Male,Human Resources,5849,Indonesia
37,Tad,Hariot,thariot10@blinklist.com,Male,Human Resources,5322,Poland
38,Osbourn,Goublier,ogoublier11@si.edu,Male,Human Resources,5221,Brazil
39,Currie,Piniur,cpiniur12@abc.net.au,Male,Sales,4174,Croatia
40,Bruno,Shoulder,bshoulder13@wufoo.com,Male,Marketing,3275,France
41,Dag,Eyam,deyam14@earthlink.net,Male,Research and Development,7680,China
42,Skye,Hedgeley,shedgeley15@studiopress.com,Male,Legal,5501,France
43,Linea,Myring,lmyring16@addtoany.com,Female,Accounting,8575,Thailand
44,Charmain,Saura,csaura17@answers.com,Female,Human Resources,4018,Bosnia and Herzegovina
45,Fifine,Schreiner,fschreiner18@reddit.com,Female,Training,6060,Argentina
46,Barron,Chappell,bchappell19@imgur.com,Male,Engineering,4203,China
47,Maxie,Rijkeseis,mrijkeseis1a@stanford.edu,Female,Sales,7675,Indonesia
48,Morry,Abba,mabba1b@naver.com,Male,Training,3109,China
49,Mirella,Shaplin,mshaplin1c@goodreads.com,Female,Accounting,5198,Russia
50,Abbott,Sudworth,asudworth1d@digg.com,Male,Services,6889,Georgia
51,Liana,Allardyce,lallardyce1e@oaic.gov.au,Female,Training,4653,Thailand
52,Paddy,Garrelts,pgarrelts1f@vimeo.com,Male,Product Management,4696,Myanmar
53,Aarika,Harkness,aharkness1g@house.gov,Female,Training,5033,Uzbekistan
54,Bud,Riding,briding1h@hostgator.com,Male,Support,6019,China
55,Arvin,Knill,aknill1i@reddit.com,Male,Human Resources,5176,Czech Republic
56,Thurston,Lambert,tlambert1j@lulu.com,Male,Engineering,8430,China
57,Marianne,Checo,mcheco1k@webnode.com,Female,Support,8241,Guatemala
58,Sheryl,Girth,sgirth1l@weibo.com,Female,Marketing,8782,Ivory Coast
59,Cherise,Solman,csolman1m@ihg.com,Female,Legal,5866,Brazil
60,Kelly,Giovannacci,kgiovannacci1n@irs.gov,Male,Support,8717,China
61,Victoir,Turmel,vturmel1o@ft.com,Male,Marketing,5384,China
62,Dore,Anderton,danderton1p@fema.gov,Female,Product Management,7895,Tanzania
63,Casar,Classen,cclassen1q@altervista.org,Male,Services,8078,Benin
64,Catriona,Danielsson,cdanielsson1r@nifty.com,Female,Training,7630,Poland
65,Clementius,Ingledew,cingledew1s@aboutads.info,Male,Support,6228,Belarus
66,Whitman,Renne,wrenne1t@netvibes.com,Male,Legal,6617,Czech Republic
67,Abram,Mulvey,amulvey1u@seattletimes.com,Male,Legal,7671,Indonesia
68,Marissa,Gamil,mgamil1v@csmonitor.com,Female,Research and Development,4697,France
69,Waylan,Munford,wmunford1w@hexun.com,Male,Legal,5561,Indonesia
70,Osmund,Hessentaler,ohessentaler1x@huffingtonpost.com,Male,Sales,3242,Palestinian Territory
71,Salim,Hardie,shardie1y@mail.ru,Male,Human Resources,7299,Peru
72,Delano,Cayle,dcayle1z@acquirethisname.com,Male,Marketing,8419,Indonesia
73,Griffie,Morville,gmorville20@liveinternet.ru,Male,Services,6940,Brazil
74,Antonius,Keer,akeer21@blogs.com,Male,Services,5198,Ivory Coast
75,Nariko,Behnecken,nbehnecken22@dell.com,Female,Product Management,3972,Poland
76,Bobinette,Sugarman,bsugarman23@gizmodo.com,Female,Human Resources,3546,Japan
77,Barret,Scorthorne,bscorthorne24@trellian.com,Male,Sales,7472,Thailand
78,Tamma,Misson,tmisson25@i2i.jp,Female,Legal,5061,Panama
79,Mallory,MacVean,mmacvean26@telegraph.co.uk,Female,Training,8419,China
80,Imogene,Florez,iflorez27@hao123.com,Female,Business Development,4808,Bulgaria
81,Dallis,Ghost,dghost28@illinois.edu,Male,Business Development,7384,Indonesia
82,Salli,Gealy,sgealy29@nsw.gov.au,Female,Human Resources,7242,China
83,Georgianne,Skaid,gskaid2a@youtube.com,Female,Business Development,3335,Nepal
84,Dion,Ells,dells2b@clickbank.net,Male,Services,6773,Indonesia
85,Julieta,Bibb,jbibb2c@uol.com.br,Female,Research and Development,7808,Portugal
86,Amalita,Harkus,aharkus2d@google.ca,Female,Legal,3037,Indonesia
87,Lauralee,Sharrard,lsharrard2e@earthlink.net,Female,Business Development,6808,China
88,Tyne,Gubbins,tgubbins2f@constantcontact.com,Female,Research and Development,8392,Poland
89,Winthrop,Blackshaw,wblackshaw2g@mozilla.org,Male,Human Resources,3297,Kosovo
90,Lionel,Jantel,ljantel2h@house.gov,Male,Legal,5771,China
91,Kimmi,MacWilliam,kmacwilliam2i@sourceforge.net,Female,Human Resources,3222,Portugal
92,Addy,Kleinert,akleinert2j@epa.gov,Male,Legal,3196,China
93,Durante,Fellman,dfellman2k@ehow.com,Male,Engineering,5920,Dominican Republic
94,Julietta,Doog,jdoog2l@indiatimes.com,Female,Sales,7025,South Africa
95,Gerianna,Airds,gairds2m@cbc.ca,Female,Business Development,8815,Venezuela
96,Nicolette,Vann,nvann2n@simplemachines.org,Female,Business Development,7846,Japan
97,Whitney,Wyllcocks,wwyllcocks2o@msu.edu,Male,Research and Development,7847,Chile
98,Keene,Dory,kdory2p@bizjournals.com,Male,Business Development,7645,Poland
99,Ninon,Averay,naveray2q@soup.io,Female,Research and Development,3094,Poland
100,Leroy,Hutchinges,lhutchinges2r@mediafire.com,Male,Accounting,5288,South Korea
101,Jeni,Withull,jwithull2s@example.com,Female,Research and Development,7646,Indonesia
102,Mimi,Bulloch,mbulloch2t@hatena.ne.jp,Female,Research and Development,7587,Thailand
103,Constanta,Hoyes,choyes2u@prlog.org,Female,Training,6840,China
104,Giselle,Coase,gcoase2v@drupal.org,Female,Training,7945,Netherlands
105,Kristy,Imorts,kimorts2w@google.fr,Female,Human Resources,8391,Portugal
106,Isador,Wight,iwight2x@amazon.co.jp,Male,Accounting,8606,United States
107,Linus,Garbutt,lgarbutt2y@ebay.com,Male,Business Development,6240,Botswana
108,Regan,Chawkley,rchawkley2z@addtoany.com,Male,Research and Development,5784,Macedonia
109,Ahmed,Siely,asiely30@freewebs.com,Male,Training,8027,Greece
110,Nikolia,Matz,nmatz31@altervista.org,Female,Training,6878,Peru
111,Cash,Antrum,cantrum32@indiatimes.com,Male,Legal,5353,Philippines
112,Jere,Barcroft,jbarcroft33@soundcloud.com,Female,Legal,8282,Japan
113,Mina,Crossby,mcrossby34@trellian.com,Female,Business Development,4091,Tanzania
114,Edgardo,Jeffry,ejeffry35@over-blog.com,Male,Engineering,4428,Moldova
115,Culley,Ellen,cellen36@163.com,Male,Accounting,7603,China
116,Sim,MacKaig,smackaig37@tamu.edu,Male,Sales,5696,China
117,Inglebert,Izon,iizon38@spotify.com,Male,Training,3738,Kiribati
118,Daveen,Grogona,dgrogona39@jiathis.com,Female,Sales,5484,Japan
119,Jerrylee,Tonbridge,jtonbridge3a@vistaprint.com,Female,Research and Development,7983,Russia
120,Felice,Hodgets,fhodgets3b@google.fr,Female,Engineering,7614,Sweden
121,Jamie,Chislett,jchislett3c@ycombinator.com,Male,Human Resources,7898,Afghanistan
122,Aubry,Setchell,asetchell3d@csmonitor.com,Female,Sales,7563,Russia
123,Nana,Deverson,ndeverson3e@icq.com,Female,Research and Development,4120,Russia
124,Aube,Pernell,apernell3f@parallels.com,Male,Human Resources,5056,Guinea
125,Gretchen,Limbert,glimbert3g@earthlink.net,Female,Training,8351,Philippines
126,Alanna,Archell,aarchell3h@ocn.ne.jp,Female,Marketing,3731,Philippines
127,Micah,McBlain,mmcblain3i@etsy.com,Male,Business Development,8412,Russia
128,Maje,Gillow,mgillow3j@ameblo.jp,Male,Engineering,3698,Tunisia
129,Gerianne,Boscott,gboscott3k@usa.gov,Female,Legal,5059,Portugal
130,Mommy,Seedman,mseedman3l@taobao.com,Female,Support,7072,El Salvador
131,Lauri,Bisgrove,lbisgrove3m@va.gov,Female,Marketing,5977,Sweden
132,Gabriela,Cotgrave,gcotgrave3n@nsw.gov.au,Female,Product Management,4554,Philippines
133,Perice,Rosita,prosita3o@behance.net,Male,Product Management,4955,Portugal
134,Madelene,Gainsburgh,mgainsburgh3p@msn.com,Female,Services,7412,China
135,Alphonso,Brave,abrave3q@wordpress.org,Male,Legal,5306,China
136,Vasilis,Champken,vchampken3r@narod.ru,Male,Human Resources,7497,Palestinian Territory
137,Woodrow,Townend,wtownend3s@theatlantic.com,Male,Training,3282,Portugal
138,Palm,McVity,pmcvity3t@netlog.com,Male,Sales,4777,France
139,Rayner,Mussolini,rmussolini3u@cdc.gov,Male,Business Development,3169,Ireland
140,Leupold,Maiden,lmaiden3v@surveymonkey.com,Male,Training,7672,Mexico
141,Pammi,Lias,plias3w@nhs.uk,Female,Engineering,6097,Poland
142,Mort,Blumer,mblumer3x@google.co.uk,Male,Research and Development,3803,Sweden
143,Roma,Baterip,rbaterip3y@godaddy.com,Male,Support,5847,Iran
144,Theodor,Pallesen,tpallesen3z@slideshare.net,Male,Marketing,5870,Japan
145,Cindi,Lunn,clunn40@phoca.cz,Female,Accounting,3254,Japan
146,Suellen,Carwithan,scarwithan41@paginegialle.it,Female,Accounting,6144,Mexico
147,Erina,Schlag,eschlag42@addthis.com,Female,Sales,6575,Iran
148,Sandi,Seys,sseys43@google.co.uk,Female,Product Management,8139,Malawi
149,Dimitry,Collier,dcollier44@123-reg.co.uk,Male,Training,3627,Czech Republic
150,Doretta,Gatiss,dgatiss45@hc360.com,Female,Sales,6600,China
151,Delbert,Mossdale,dmossdale46@icio.us,Male,Accounting,8542,China
152,Dario,Kimbury,dkimbury47@columbia.edu,Male,Business Development,3137,Morocco
153,Zack,Bragg,zbragg48@nature.com,Male,Product Management,7146,Venezuela
154,Megan,Lott,mlott49@bloomberg.com,Female,Support,7308,United States
155,Nealy,Fishpool,nfishpool4a@redcross.org,Male,Accounting,3840,China
156,Derrek,Philipsen,dphilipsen4b@usatoday.com,Male,Accounting,3937,Armenia
157,Nonnah,Marrett,nmarrett4c@chronoengine.com,Female,Support,3464,Peru
158,Lonnie,Drohan,ldrohan4d@nba.com,Female,Training,7949,Portugal
159,Carlin,Huerta,chuerta4e@japanpost.jp,Female,Engineering,8174,Philippines
160,Arne,Silversmid,asilversmid4f@patch.com,Male,Training,5632,Sweden
161,Freeland,Philott,fphilott4g@e-recht24.de,Male,Support,6821,United States
162,Jocko,Coyett,jcoyett4h@usnews.com,Male,Research and Development,5153,Costa Rica
163,Archambault,Juckes,ajuckes4i@chronoengine.com,Male,Product Management,3197,Argentina
164,Iain,Andrzejak,iandrzejak4j@alibaba.com,Male,Services,6400,Turkmenistan
165,Claiborn,Hostan,chostan4k@phpbb.com,Male,Accounting,3129,Philippines
166,Lucho,Gambrell,lgambrell4l@dion.ne.jp,Male,Sales,7878,China
167,Amelina,Blackley,ablackley4m@jiathis.com,Female,Research and Development,4582,Moldova
168,Chandal,Hawthorne,chawthorne4n@spiegel.de,Female,Accounting,4754,Indonesia
169,Hendrika,Vawton,hvawton4o@skype.com,Female,Product Management,8599,China
170,Town,Polle,tpolle4p@sciencedirect.com,Male,Business Development,4014,Poland
171,Merissa,Wilcock,mwilcock4q@about.com,Female,Human Resources,6077,China
172,Latrina,Zannotelli,lzannotelli4r@canalblog.com,Female,Training,8699,China
173,Bellanca,Keal,bkeal4s@nih.gov,Female,Business Development,3293,Ethiopia
174,Pooh,Sepey,psepey4t@prweb.com,Female,Legal,5913,China
175,Valerie,Truelove,vtruelove4u@sciencedaily.com,Female,Engineering,3020,Japan
176,Ruthy,Beseke,rbeseke4v@nytimes.com,Female,Marketing,7735,Azerbaijan
177,Amos,Fleis,afleis4w@networksolutions.com,Male,Support,5098,Philippines
178,Bobbie,Sommerland,bsommerland4x@fda.gov,Female,Marketing,5940,China
179,Mohammed,Dwyr,mdwyr4y@ebay.co.uk,Male,Accounting,3357,China
180,Kale,Stainfield,kstainfield4z@census.gov,Male,Marketing,3571,Brazil
181,Herschel,Signorelli,hsignorelli50@linkedin.com,Male,Legal,4908,Indonesia
182,Cully,Bleue,cbleue51@tinypic.com,Male,Human Resources,7319,China
183,Mateo,Stuffins,mstuffins52@microsoft.com,Male,Human Resources,3651,Jordan
184,Gallard,Wooffinden,gwooffinden53@nyu.edu,Male,Training,4396,San Marino
185,Salome,Binns,sbinns54@homestead.com,Female,Support,3180,United States
186,Jordana,Eastes,jeastes55@ftc.gov,Female,Accounting,4634,China
187,Gardener,Rimer,grimer56@mail.ru,Male,Business Development,8431,Russia
188,Basilio,Kuhnwald,bkuhnwald57@ezinearticles.com,Male,Product Management,4763,Argentina
189,Sheeree,Mably,smably58@jimdo.com,Female,Product Management,4378,Morocco
190,Reynolds,Werrit,rwerrit59@wunderground.com,Male,Engineering,6299,China
191,Johnathon,MacGahey,jmacgahey5a@usgs.gov,Male,Services,3983,Saint Vincent and the Grenadines
192,Neely,Donson,ndonson5b@last.fm,Female,Human Resources,3573,Greece
193,Malinda,Drane,mdrane5c@chronoengine.com,Female,Support,7000,Colombia
194,Kym,Lukes,klukes5d@ucoz.com,Female,Research and Development,6108,Serbia
195,Anders,Kilmurry,akilmurry5e@hibu.com,Male,Product Management,8145,Russia
196,Mellicent,Meale,mmeale5f@jugem.jp,Female,Services,8504,Uganda
197,Karon,Cohani,kcohani5g@umn.edu,Female,Human Resources,6945,Portugal
198,Ericha,Scampion,escampion5h@msn.com,Female,Services,8655,China
199,Nap,Marchment,nmarchment5i@cbsnews.com,Male,Accounting,3851,Zambia
200,Joanie,Glen,jglen5j@webnode.com,Female,Services,4079,Indonesia
201,Micki,Novacek,mnovacek5k@google.fr,Female,Engineering,5755,Chile
202,Karylin,Asprey,kasprey5l@163.com,Female,Research and Development,6091,Philippines
203,Patin,Diplock,pdiplock5m@army.mil,Male,Marketing,3600,China
204,Easter,Euesden,eeuesden5n@dedecms.com,Female,Product Management,5035,Brazil
205,Maurizia,Beggs,mbeggs5o@posterous.com,Female,Business Development,6760,Mali
206,Halli,Pancost,hpancost5p@rakuten.co.jp,Female,Training,6332,Indonesia
207,Lalo,Broxis,lbroxis5q@sohu.com,Male,Accounting,6820,Czech Republic
208,Stanfield,Fruen,sfruen5r@soup.io,Male,Human Resources,5399,Poland
209,Galven,Pellingar,gpellingar5s@usatoday.com,Male,Research and Development,8727,United Kingdom
210,Allix,Beard,abeard5t@disqus.com,Female,Product Management,8226,Poland
211,Mikel,Carvell,mcarvell5u@nsw.gov.au,Male,Research and Development,3009,Kuwait
212,Gaynor,Featenby,gfeatenby5v@ebay.co.uk,Female,Marketing,5316,Honduras
213,Fielding,Domange,fdomange5w@odnoklassniki.ru,Male,Marketing,4506,Iran
214,Orson,Painten,opainten5x@tripod.com,Male,Product Management,6995,China
215,Tasha,Semered,tsemered5y@youtu.be,Female,Training,7772,Serbia
216,Desiri,Wile,dwile5z@msu.edu,Female,Support,4023,France
217,Jarred,Bridgett,jbridgett60@wisc.edu,Male,Research and Development,8784,Ukraine
218,Dukie,Cardenoso,dcardenoso61@smugmug.com,Male,Human Resources,6107,China
219,Frederic,Anthoney,fanthoney62@nyu.edu,Male,Research and Development,3001,Philippines
220,Ermanno,Greenhouse,egreenhouse63@over-blog.com,Male,Sales,5898,Philippines
221,Paula,Cabrales,pcabrales64@de.vu,Female,Support,8495,Georgia
222,Deborah,Orthmann,dorthmann65@mashable.com,Female,Support,3202,Morocco
223,Garnette,Salomon,gsalomon66@sfgate.com,Female,Engineering,4842,Philippines
224,Pearline,Murphey,pmurphey67@ovh.net,Female,Training,5156,Czech Republic
225,Trude,Gawkroge,tgawkroge68@angelfire.com,Female,Training,3288,France
226,Bria,Flucker,bflucker69@quantcast.com,Female,Legal,5804,Thailand
227,Pierrette,Totman,ptotman6a@feedburner.com,Female,Services,8910,China
228,Lizzy,Silber,lsilber6b@weebly.com,Female,Support,4079,Indonesia
229,Gannon,Cranmor,gcranmor6c@spotify.com,Male,Services,8107,United States
230,Calhoun,Sanja,csanja6d@51.la,Male,Marketing,5123,Brazil
231,Ilise,Snellman,isnellman6e@businesswire.com,Female,Business Development,4469,Ukraine
232,Isa,Keenlayside,ikeenlayside6f@eepurl.com,Female,Accounting,7647,China
233,Cary,Duddin,cduddin6g@usda.gov,Male,Research and Development,5569,Greece
234,Ashly,Olliar,aolliar6h@weebly.com,Female,Business Development,5237,Philippines
235,Trey,Timmermann,ttimmermann6i@php.net,Male,Support,7741,Philippines
236,Kailey,Torra,ktorra6j@diigo.com,Female,Sales,3714,Indonesia
237,Dennet,Cowley,dcowley6k@theglobeandmail.com,Male,Services,7121,Sweden
238,Dore,Simonnin,dsimonnin6l@jugem.jp,Male,Legal,8374,Sudan
239,Karel,Meechan,kmeechan6m@patch.com,Female,Support,6169,Kazakhstan
240,Norby,Ryves,nryves6n@smugmug.com,Male,Marketing,7295,Philippines
241,Sarine,Fishlock,sfishlock6o@narod.ru,Female,Product Management,4819,Jamaica
242,Mahala,MacMechan,mmacmechan6p@hatena.ne.jp,Female,Human Resources,8571,Finland
243,Kennie,Willett,kwillett6q@msn.com,Male,Human Resources,8813,Greece
244,Marris,Kerby,mkerby6r@usa.gov,Female,Product Management,5598,Brazil
245,Angelico,Cominetti,acominetti6s@webnode.com,Male,Business Development,8080,Mexico
246,Garry,Newbery,gnewbery6t@google.fr,Male,Legal,8755,Brazil
247,Allistir,Darling,adarling6u@goodreads.com,Male,Human Resources,5296,China
248,Glenine,Cornelleau,gcornelleau6v@fc2.com,Female,Training,3631,Macedonia
249,Claresta,Artinstall,cartinstall6w@simplemachines.org,Female,Legal,4859,China
250,Janka,Bangle,jbangle6x@csmonitor.com,Female,Research and Development,6549,China
251,Kit,Brise,kbrise6y@g.co,Female,Human Resources,3782,Sweden
252,May,Boots,mboots6z@un.org,Female,Engineering,6397,China
253,Delmer,Tottle,dtottle70@artisteer.com,Male,Business Development,4277,Philippines
254,Timotheus,Bianco,tbianco71@flickr.com,Male,Accounting,3434,China
255,Timotheus,Twelvetrees,ttwelvetrees72@unesco.org,Male,Legal,5884,Russia
256,Simon,Reichert,sreichert73@utexas.edu,Male,Human Resources,5888,France
257,Harald,Coviello,hcoviello74@sogou.com,Male,Legal,3988,Philippines
258,Emelia,Horlick,ehorlick75@ustream.tv,Female,Research and Development,5342,Afghanistan
259,Sally,Kinchin,skinchin76@nasa.gov,Female,Services,3929,Nigeria
260,Elenore,Kinglesyd,ekinglesyd77@yale.edu,Female,Human Resources,6752,Argentina
261,Goldina,Quinnette,gquinnette78@oracle.com,Female,Product Management,5721,Azerbaijan
262,Broderic,Yankov,byankov79@bizjournals.com,Male,Services,6577,Portugal
263,Misty,Faldo,mfaldo7a@php.net,Female,Services,4876,Vietnam
264,Ernestus,Leynton,eleynton7b@hud.gov,Male,Product Management,4461,China
265,Robby,Walden,rwalden7c@csmonitor.com,Male,Research and Development,6399,China
266,Allan,Carrel,acarrel7d@upenn.edu,Male,Sales,7249,Ethiopia
267,Blair,Stapylton,bstapylton7e@nature.com,Female,Research and Development,3875,China
268,Coleman,Whiffen,cwhiffen7f@columbia.edu,Male,Product Management,7239,China
269,Bunni,Maddigan,bmaddigan7g@networkadvertising.org,Female,Legal,5014,Peru
270,Ash,Le Marquand,alemarquand7h@indiatimes.com,Male,Business Development,8249,France
271,Maye,Grafton,mgrafton7i@businessweek.com,Female,Marketing,5992,Thailand
272,Hogan,O'Gorman,hogorman7j@youku.com,Male,Training,6588,China
273,Briana,O'Dooghaine,bodooghaine7k@eventbrite.com,Female,Business Development,3079,Indonesia
274,Keven,Cade,kcade7l@instagram.com,Male,Legal,4602,Morocco
275,Natale,Barthot,nbarthot7m@economist.com,Male,Services,4039,Bolivia
276,Tulley,Bertram,tbertram7n@trellian.com,Male,Legal,5563,Russia
277,Kale,Wilkerson,kwilkerson7o@yandex.ru,Male,Research and Development,3577,Canada
278,Alair,Barlace,abarlace7p@amazon.de,Male,Sales,7886,Indonesia
279,Denys,Oswell,doswell7q@diigo.com,Female,Services,7009,France
280,Daron,Zannutti,dzannutti7r@com.com,Female,Accounting,7462,Cameroon
281,Conn,Girvan,cgirvan7s@slashdot.org,Male,Services,8828,Philippines
282,Ilise,Burhouse,iburhouse7t@chronoengine.com,Female,Sales,7912,China
283,Nonie,Rennard,nrennard7u@vkontakte.ru,Female,Human Resources,5594,China
284,Alexei,Spurret,aspurret7v@nasa.gov,Male,Sales,7258,Uzbekistan
285,Misha,Casbon,mcasbon7w@networksolutions.com,Female,Accounting,8120,China
286,Lyssa,Curado,lcurado7x@hibu.com,Female,Product Management,5421,Japan
287,Ivonne,Spittle,ispittle7y@usnews.com,Female,Engineering,5323,Indonesia
288,Cedric,Lithcow,clithcow7z@cnn.com,Male,Support,4453,China
289,Maddie,Blackman,mblackman80@taobao.com,Female,Product Management,6201,Canada
290,Davidson,MacGill,dmacgill81@i2i.jp,Male,Product Management,5432,Portugal
291,Di,Clapshaw,dclapshaw82@sakura.ne.jp,Female,Product Management,5972,China
292,Catharine,Vignal,cvignal83@hud.gov,Female,Accounting,5038,South Africa
293,Rosa,Denyakin,rdenyakin84@sina.com.cn,Female,Support,5747,Czech Republic
294,Sim,Methuen,smethuen85@vistaprint.com,Male,Accounting,5666,Chile
295,Ramon,Siney,rsiney86@weebly.com,Male,Engineering,4345,China
296,Adena,Keuneke,akeuneke87@reddit.com,Female,Sales,7221,China
297,Ker,Daughtry,kdaughtry88@jimdo.com,Male,Product Management,8870,China
298,Darnall,Swiffen,dswiffen89@arizona.edu,Male,Support,5449,Ukraine
299,Tobiah,Shepland,tshepland8a@github.io,Male,Training,4456,Portugal
300,Benji,Cocher,bcocher8b@cpanel.net,Male,Sales,5068,Russia
301,Dagmar,Santello,dsantello8c@foxnews.com,Female,Sales,7990,Vietnam
302,Catha,Simeoni,csimeoni8d@addtoany.com,Female,Business Development,7168,China
303,Leicester,Jailler,ljailler8e@wordpress.org,Male,Services,6459,Portugal
304,Rose,Ayerst,rayerst8f@indiegogo.com,Female,Engineering,5056,China
305,Petrina,Strotone,pstrotone8g@harvard.edu,Female,Human Resources,7596,Afghanistan
306,Linnet,Bartocci,lbartocci8h@aboutads.info,Female,Human Resources,8443,China
307,Normie,Vannozzii,nvannozzii8i@ucla.edu,Male,Legal,7758,Poland
308,Christi,Gladyer,cgladyer8j@samsung.com,Female,Research and Development,5954,China
309,Anatol,Kitchinghan,akitchinghan8k@chicagotribune.com,Male,Research and Development,6457,Philippines
310,Yanaton,Ide,yide8l@jigsy.com,Male,Training,7417,China
311,Beryle,Farron,bfarron8m@meetup.com,Female,Support,4027,Indonesia
312,Lydia,Bischop,lbischop8n@examiner.com,Female,Research and Development,6598,Sweden
313,Lemmy,Swinfen,lswinfen8o@pcworld.com,Male,Legal,3513,Russia
314,Merline,Brigden,mbrigden8p@intel.com,Female,Training,6566,Portugal
315,Tedmund,Parkin,tparkin8q@scribd.com,Male,Support,7244,Czech Republic
316,Jeromy,Roulston,jroulston8r@taobao.com,Male,Services,3456,China
317,Briano,Tivenan,btivenan8s@senate.gov,Male,Services,4221,Russia
318,Reena,Handaside,rhandaside8t@cmu.edu,Female,Accounting,3539,China
319,Clint,Totaro,ctotaro8u@yellowbook.com,Male,Accounting,5395,Philippines
320,Consuelo,De Gregario,cdegregario8v@usda.gov,Female,Services,3720,United States
321,Iggie,Sizzey,isizzey8w@latimes.com,Male,Human Resources,3981,Tunisia
322,Ally,Piner,apiner8x@freewebs.com,Female,Support,3181,Pakistan
323,Andria,Jordin,ajordin8y@wsj.com,Female,Legal,5283,Sweden
324,Xenos,Di Biagi,xdibiagi8z@salon.com,Male,Accounting,8958,China
325,Mufi,Beckles,mbeckles90@cnn.com,Female,Training,3161,Indonesia
326,Lazare,Strand,lstrand91@blogger.com,Male,Product Management,8671,Indonesia
327,Armin,Drinkhill,adrinkhill92@ameblo.jp,Male,Engineering,3408,Serbia
328,Jolynn,Hesey,jhesey93@blogspot.com,Female,Services,4987,Russia
329,Eudora,Lernihan,elernihan94@bravesites.com,Female,Sales,4298,Russia
330,Sauveur,Kroin,skroin95@youku.com,Male,Product Management,5660,China
331,Webster,Martt,wmartt96@oakley.com,Male,Sales,6401,United States
332,Kristine,Noddle,knoddle97@indiegogo.com,Female,Product Management,4839,Russia
333,Duke,Dudny,ddudny98@globo.com,Male,Accounting,4284,Mexico
334,Amerigo,Piscot,apiscot99@studiopress.com,Male,Services,3791,China
335,Harris,Revell,hrevell9a@wired.com,Male,Training,8247,Sweden
336,Maddi,Sandever,msandever9b@google.com,Female,Training,6540,Sweden
337,Cirstoforo,Winnard,cwinnard9c@google.nl,Male,Business Development,8428,Portugal
338,Nikki,Allridge,nallridge9d@hc360.com,Male,Sales,7291,Indonesia
339,Marjorie,Markl,mmarkl9e@instagram.com,Female,Accounting,3195,Indonesia
340,Charity,Ludee,cludee9f@prnewswire.com,Female,Research and Development,5458,Brazil
341,Curry,Haukey,chaukey9g@posterous.com,Male,Accounting,6829,Indonesia
342,Cordy,Dybell,cdybell9h@list-manage.com,Female,Support,8352,China
343,Joby,Yankin,jyankin9i@foxnews.com,Female,Support,6547,Japan
344,Ewen,Scaice,escaice9j@mayoclinic.com,Male,Engineering,3971,Thailand
345,Zita,Allflatt,zallflatt9k@livejournal.com,Female,Sales,5366,China
346,Alonso,Boxer,aboxer9l@mail.ru,Male,Product Management,3514,Brazil
347,Giselle,Doodson,gdoodson9m@163.com,Female,Accounting,4246,Philippines
348,Nadya,Wigfield,nwigfield9n@hc360.com,Female,Research and Development,4160,Mexico
349,Rockwell,Pashenkov,rpashenkov9o@purevolume.com,Male,Sales,6365,Thailand
350,Fraser,Brownsmith,fbrownsmith9p@zdnet.com,Male,Business Development,8440,Indonesia
351,Shelagh,Lawlie,slawlie9q@ibm.com,Female,Training,7367,Indonesia
352,Dennis,Lennard,dlennard9r@shareasale.com,Male,Accounting,6609,Czech Republic
353,Caressa,Carwithim,ccarwithim9s@msn.com,Female,Services,3382,Indonesia
354,Sullivan,Freda,sfreda9t@admin.ch,Male,Services,3582,Czech Republic
355,Rosemary,Mirams,rmirams9u@dropbox.com,Female,Services,3518,Georgia
356,Aimee,Aykroyd,aaykroyd9v@paypal.com,Female,Marketing,8616,Indonesia
357,Nickey,Narracott,nnarracott9w@marriott.com,Male,Services,6409,Indonesia
358,Hyacinthie,Constantine,hconstantine9x@google.fr,Female,Accounting,8450,Peru
359,Missie,McKnockiter,mmcknockiter9y@un.org,Female,Legal,4019,Russia
360,Elva,Whitecross,ewhitecross9z@skype.com,Female,Services,7831,Iran
361,Rosana,Ebbage,rebbagea0@salon.com,Female,Human Resources,7008,France
362,Felicle,Dewhirst,fdewhirsta1@tmall.com,Female,Support,5908,Indonesia
363,Lemmie,Aish,laisha2@stanford.edu,Male,Training,8546,China
364,Joann,Argont,jargonta3@ovh.net,Female,Services,7933,Australia
365,Magdalene,Dorn,mdorna4@smh.com.au,Female,Support,5884,Indonesia
366,Bartlet,Tapson,btapsona5@mapquest.com,Male,Research and Development,4586,Colombia
367,Elka,Sandeland,esandelanda6@kickstarter.com,Female,Services,6290,China
368,Gardie,Thomasset,gthomasseta7@moonfruit.com,Male,Training,4287,Uganda
369,Heather,Antushev,hantusheva8@issuu.com,Female,Research and Development,8760,Greece
370,Marrissa,Bedell,mbedella9@w3.org,Female,Product Management,6412,Portugal
371,Miner,Willetts,mwillettsaa@indiatimes.com,Male,Business Development,5238,Palestinian Territory
372,Scottie,Bertelmot,sbertelmotab@redcross.org,Male,Engineering,3670,China
373,Hildy,Walhedd,hwalheddac@fotki.com,Female,Engineering,6293,Iran
374,Chelsy,Heffernon,cheffernonad@wikimedia.org,Female,Product Management,5833,Canada
375,Gaultiero,Boots,gbootsae@vistaprint.com,Male,Accounting,3753,Poland
376,Martguerita,Burlingame,mburlingameaf@jugem.jp,Female,Sales,7188,Greece
377,Regan,Assur,rassurag@i2i.jp,Male,Human Resources,3599,Brazil
378,Fonsie,Draper,fdraperah@php.net,Male,Legal,4244,Poland
379,Cynde,Gregh,cgreghai@ow.ly,Female,Accounting,5652,China
380,Ellswerth,Crews,ecrewsaj@ycombinator.com,Male,Accounting,6502,France
381,Morrie,Bredgeland,mbredgelandak@wired.com,Male,Sales,3191,Sweden
382,Bliss,Cavet,bcavetal@webs.com,Female,Marketing,4608,China
383,Rori,Richings,rrichingsam@dropbox.com,Female,Product Management,4415,Uruguay
384,Kellia,Maddrell,kmaddrellan@is.gd,Female,Sales,7158,Morocco
385,Maurizio,Boot,mbootao@sbwire.com,Male,Marketing,5259,China
386,Micheline,Suddick,msuddickap@ycombinator.com,Female,Business Development,4871,France
387,Brooks,McCaughran,bmccaughranaq@posterous.com,Female,Engineering,6836,France
388,Cleon,Sarge,csargear@paypal.com,Male,Engineering,8422,Bangladesh
389,Stanwood,Winson,swinsonas@phpbb.com,Male,Accounting,5536,Colombia
390,Marleen,Loveitt,mloveittat@globo.com,Female,Sales,8797,Japan
391,Suzie,Pedley,spedleyau@acquirethisname.com,Female,Legal,7286,Philippines
392,Eberto,Crone,ecroneav@marriott.com,Male,Legal,3360,Indonesia
393,Neil,Kernan,nkernanaw@quantcast.com,Male,Training,3905,Indonesia
394,Ileana,Fidgeon,ifidgeonax@scientificamerican.com,Female,Legal,5880,Peru
395,Whitman,Chetter,wchetteray@fc2.com,Male,Human Resources,6667,Gambia
396,Sofie,Elks,selksaz@ted.com,Female,Services,7595,Albania
397,Garv,Metts,gmettsb0@wikipedia.org,Male,Services,4803,Argentina
398,Artus,Berick,aberickb1@sina.com.cn,Male,Marketing,6397,Libya
399,Sheri,Vlasyev,svlasyevb2@usatoday.com,Female,Marketing,5936,Philippines
400,Eberto,De Metz,edemetzb3@webs.com,Male,Human Resources,6937,Indonesia
401,Hastie,Showl,hshowlb4@cbslocal.com,Male,Sales,3471,Indonesia
402,Elisa,Chard,echardb5@bloglovin.com,Female,Sales,7981,Argentina
403,Neill,Flowith,nflowithb6@wunderground.com,Male,Services,7867,Morocco
404,Bondy,Penreth,bpenrethb7@goodreads.com,Male,Services,7195,Cuba
405,Harold,Le Noire,hlenoireb8@ucla.edu,Male,Engineering,3535,Indonesia
406,Dalston,Koenen,dkoenenb9@ebay.com,Male,Support,8787,Reunion
407,Katti,Wardlaw,kwardlawba@t.co,Female,Business Development,5241,China
408,Salvidor,Burnyeat,sburnyeatbb@virginia.edu,Male,Training,3198,Bolivia
409,Jillene,Lowen,jlowenbc@china.com.cn,Female,Support,6206,Philippines
410,Niel,Smithson,nsmithsonbd@1688.com,Male,Accounting,7401,Mauritania
411,Starlin,Venditti,svendittibe@yolasite.com,Female,Legal,5126,Ukraine
412,Averill,Chattington,achattingtonbf@blinklist.com,Male,Accounting,8355,Philippines
413,Alfred,McIlwain,amcilwainbg@odnoklassniki.ru,Male,Research and Development,7786,Greece
414,Drusie,Guidini,dguidinibh@digg.com,Female,Research and Development,3936,Argentina
415,Roarke,Georgeson,rgeorgesonbi@wufoo.com,Male,Research and Development,4575,Philippines
416,Linoel,Toffolo,ltoffolobj@usatoday.com,Male,Research and Development,3622,China
417,Hilde,Rubinowicz,hrubinowiczbk@berkeley.edu,Female,Product Management,8063,Poland
418,Hettie,Pillman,hpillmanbl@lycos.com,Female,Legal,3464,France
419,Gael,Tortice,gtorticebm@google.nl,Female,Research and Development,6633,Haiti
420,Brenna,Maunsell,bmaunsellbn@blogger.com,Female,Product Management,6546,Portugal
421,Carlyle,Draayer,cdraayerbo@abc.net.au,Male,Training,5517,East Timor
422,Beck,Brentnall,bbrentnallbp@princeton.edu,Male,Accounting,6275,Indonesia
423,Jeanne,Ranson,jransonbq@vinaora.com,Female,Business Development,3470,Russia
424,Taffy,Wales,twalesbr@abc.net.au,Female,Services,5353,Japan
425,Hubey,Scates,hscatesbs@who.int,Male,Training,5764,Tunisia
426,Raimondo,Sefton,rseftonbt@dagondesign.com,Male,Product Management,6442,Namibia
427,Cornie,Levane,clevanebu@discuz.net,Male,Human Resources,7025,Pakistan
428,Dody,Bomfield,dbomfieldbv@npr.org,Female,Training,7518,Indonesia
429,Langsdon,Izatt,lizattbw@skyrock.com,Male,Product Management,7273,France
430,Freeman,Corsham,fcorshambx@nymag.com,Male,Business Development,6664,Japan
431,Corabella,Almond,calmondby@tiny.cc,Female,Sales,3822,China
432,Sharron,Bracco,sbraccobz@opensource.org,Female,Sales,7099,Italy
433,Grove,Lamp,glampc0@wisc.edu,Male,Legal,3337,Ukraine
434,Jemima,Wannop,jwannopc1@vistaprint.com,Female,Support,3185,France
435,Corena,Dussy,cdussyc2@exblog.jp,Female,Product Management,8635,Finland
436,Elysha,Duckit,educkitc3@ycombinator.com,Female,Marketing,6820,Czech Republic
437,Jody,Shayler,jshaylerc4@arstechnica.com,Male,Product Management,4335,Sweden
438,Meghan,Dulinty,mdulintyc5@woothemes.com,Female,Legal,8667,Russia
439,Zeb,Lippett,zlippettc6@illinois.edu,Male,Accounting,6364,Poland
440,Leland,Veneur,lveneurc7@wsj.com,Male,Legal,8752,United States
441,Kale,Noad,knoadc8@nhs.uk,Male,Sales,8700,Czech Republic
442,Bernarr,Brient,bbrientc9@yellowbook.com,Male,Sales,3435,China
443,Bax,Fincham,bfinchamca@themeforest.net,Male,Legal,7850,Mexico
444,Caralie,Glasspoole,cglasspoolecb@icio.us,Female,Product Management,7559,France
445,Dix,Trahair,dtrahaircc@microsoft.com,Female,Legal,4310,China
446,Fabian,Cavet,fcavetcd@vistaprint.com,Male,Human Resources,6137,China
447,Ambros,Gabe,agabece@oracle.com,Male,Marketing,6249,Jamaica
448,Meg,Gossop,mgossopcf@zimbio.com,Female,Engineering,6199,Indonesia
449,Letti,Lathleiffure,llathleiffurecg@mlb.com,Female,Training,8324,Ukraine
450,Duane,Glaister,dglaisterch@weibo.com,Male,Marketing,3172,France
451,Archy,Fairrie,afairrieci@addthis.com,Male,Marketing,7774,China
452,Wheeler,McKoy,wmckoycj@123-reg.co.uk,Male,Engineering,8016,Portugal
453,Joyan,Portress,jportressck@goo.ne.jp,Female,Product Management,8282,Malaysia
454,Portie,Kissock,pkissockcl@google.pl,Male,Sales,5722,Canada
455,Ellsworth,Labbez,elabbezcm@cnn.com,Male,Accounting,5629,Greece
456,Jared,Brazelton,jbrazeltoncn@cornell.edu,Male,Product Management,3630,Philippines
457,Helaine,Donald,hdonaldco@people.com.cn,Female,Services,3456,Poland
458,Berkley,Kirkbride,bkirkbridecp@msn.com,Male,Engineering,7693,China
459,Deidre,Harroway,dharrowaycq@go.com,Female,Sales,3260,South Africa
460,Tallia,MacCrann,tmaccranncr@marketwatch.com,Female,Product Management,7230,China
461,Ebony,Wadley,ewadleycs@booking.com,Female,Support,3147,Colombia
462,Cassondra,Davern,cdavernct@weebly.com,Female,Services,6811,Indonesia
463,Juditha,Skiggs,jskiggscu@ezinearticles.com,Female,Sales,5064,Indonesia
464,Harlin,Sneller,hsnellercv@umn.edu,Male,Research and Development,4274,Indonesia
465,D'arcy,Parminter,dparmintercw@t.co,Male,Product Management,7398,Indonesia
466,Rory,Herche,rherchecx@prnewswire.com,Male,Training,8946,Vietnam
467,Agna,Heinicke,aheinickecy@addthis.com,Female,Legal,4890,China
468,Dulcia,Le Barre,dlebarrecz@unblog.fr,Female,Accounting,4199,Japan
469,Randolph,Mcettrick,rmcettrickd0@baidu.com,Male,Support,5928,Malaysia
470,Claudio,Smithson,csmithsond1@blinklist.com,Male,Marketing,3318,Philippines
471,Rickey,Wilsone,rwilsoned2@constantcontact.com,Male,Engineering,3306,United States
472,Deena,Crossingham,dcrossinghamd3@alexa.com,Female,Sales,5183,Ukraine
473,Rowney,MacCorley,rmaccorleyd4@tinyurl.com,Male,Training,8116,China
474,Melisandra,Ludovico,mludovicod5@wikia.com,Female,Human Resources,7774,China
475,Bendicty,Matelyunas,bmatelyunasd6@bizjournals.com,Male,Legal,7738,South Korea
476,Hyman,Varah,hvarahd7@vinaora.com,Male,Marketing,7310,China
477,Kienan,Proby,kprobyd8@msn.com,Male,Legal,4963,Libya
478,Willy,Raimbauld,wraimbauldd9@indiegogo.com,Female,Services,8687,Brazil
479,Had,Caesar,hcaesarda@moonfruit.com,Male,Training,3543,Poland
480,Wilie,Edmeads,wedmeadsdb@eepurl.com,Female,Sales,4162,China
481,Lionello,Sabbins,lsabbinsdc@example.com,Male,Services,5273,Serbia
482,Shane,Thwaite,sthwaitedd@sphinn.com,Male,Support,5503,Sweden
483,Darwin,Priestman,dpriestmande@quantcast.com,Male,Human Resources,5242,Portugal
484,Wade,Ende,wendedf@de.vu,Male,Product Management,6721,Brazil
485,Elihu,Walas,ewalasdg@yellowbook.com,Male,Research and Development,5027,Russia
486,Kerwin,Sackett,ksackettdh@alexa.com,Male,Accounting,6066,Poland
487,Zelma,Bompas,zbompasdi@squidoo.com,Female,Research and Development,3798,China
488,Anatollo,Gaskarth,agaskarthdj@mail.ru,Male,Sales,5240,Greece
489,Marnie,Bremley,mbremleydk@mashable.com,Female,Human Resources,8579,China
490,Holly-anne,Aldrin,haldrindl@ameblo.jp,Female,Product Management,5078,China
491,Elwyn,Longfoot,elongfootdm@berkeley.edu,Male,Training,3143,United States
492,Constantino,Slator,cslatordn@cdbaby.com,Male,Support,4678,Colombia
493,Marlane,Kops,mkopsdo@harvard.edu,Female,Marketing,4530,Brazil
494,Jehu,Avison,javisondp@wired.com,Male,Sales,7733,Russia
495,Hilario,Chillingsworth,hchillingsworthdq@exblog.jp,Male,Product Management,8981,Nigeria
496,Row,Biernacki,rbiernackidr@intel.com,Female,Sales,7992,Russia
497,Huntley,Addicott,haddicottds@si.edu,Male,Human Resources,7520,United States
498,Oren,Weddeburn - Scrimgeour,oweddeburnscrimgeourdt@microsoft.com,Male,Business Development,8285,Russia
499,Felizio,Brewitt,fbrewittdu@goodreads.com,Male,Training,6617,South Africa
500,Lazare,Revan,lrevandv@bluehost.com,Male,Business Development,3967,Zimbabwe
501,Ervin,Thulborn,ethulborndw@cbsnews.com,Male,Support,3215,Mexico
502,Dick,Breens,dbreensdx@usa.gov,Male,Business Development,5433,Spain
503,Job,Yellowlee,jyellowleedy@umn.edu,Male,Accounting,4213,Peru
504,Josy,Molineux,jmolineuxdz@spotify.com,Female,Services,5042,China
505,Harlen,Kahn,hkahne0@fema.gov,Male,Support,4035,Brazil
506,Celia,Hevner,chevnere1@scribd.com,Female,Services,7649,Finland
507,Domenic,Passler,dpasslere2@omniture.com,Male,Product Management,7696,Venezuela
508,Meryl,Muspratt,mmuspratte3@foxnews.com,Male,Support,3137,Russia
509,Gerry,Bendik,gbendike4@mail.ru,Male,Human Resources,5445,Philippines
510,Terrie,Kenway,tkenwaye5@mlb.com,Female,Legal,3849,Albania
511,Federica,Raybould,frayboulde6@apache.org,Female,Sales,5063,China
512,Drusie,Sansam,dsansame7@about.me,Female,Accounting,7164,Russia
513,Bat,Hinchon,bhinchone8@intel.com,Male,Legal,8417,Ukraine
514,Franklyn,Maidlow,fmaidlowe9@berkeley.edu,Male,Sales,6437,France
515,Ola,Goffe,ogoffeea@dropbox.com,Female,Human Resources,6548,China
516,Ade,Wisher,awishereb@sbwire.com,Male,Support,7231,Brazil
517,Cherye,Morling,cmorlingec@mysql.com,Female,Accounting,5879,Morocco
518,Tirrell,Yendle,tyendleed@psu.edu,Male,Engineering,7085,Vietnam
519,Joy,Broszkiewicz,jbroszkiewiczee@bloglovin.com,Female,Product Management,7167,Japan
520,Corny,Messier,cmessieref@naver.com,Female,Services,8611,Philippines
521,Phillipe,Klezmski,pklezmskieg@google.ca,Male,Training,3031,Peru
522,Artus,Peniman,apenimaneh@ow.ly,Male,Research and Development,8411,Serbia
523,Margi,Greystoke,mgreystokeei@xinhuanet.com,Female,Business Development,7216,France
524,Venita,McCorrie,vmccorrieej@thetimes.co.uk,Female,Services,5382,Colombia
525,Lavina,Wardel,lwardelek@wisc.edu,Female,Training,8768,China
526,Isaak,Briant,ibriantel@ftc.gov,Male,Marketing,3696,Nigeria
527,Baird,Gabbitis,bgabbitisem@odnoklassniki.ru,Male,Support,6281,France
528,Mathias,Seargeant,mseargeanten@bbb.org,Male,Marketing,5055,France
529,Vaughan,Rolls,vrollseo@discovery.com,Male,Product Management,4762,Russia
530,Darren,Ambrogioni,dambrogioniep@dmoz.org,Male,Support,7066,Sweden
531,Dorothea,McQuode,dmcquodeeq@nyu.edu,Female,Support,3071,Luxembourg
532,Ogdan,St. Hill,osthiller@pcworld.com,Male,Services,5263,Indonesia
533,Layney,Darnborough,ldarnboroughes@uiuc.edu,Female,Product Management,7494,United States
534,Marquita,Rockell,mrockellet@cisco.com,Female,Marketing,6452,China
535,Bathsheba,Daintree,bdaintreeeu@webmd.com,Female,Accounting,8362,France
536,North,Taw,ntawev@marriott.com,Male,Research and Development,4585,Sweden
537,Sissy,Blagburn,sblagburnew@mozilla.org,Female,Legal,4998,Brazil
538,Berrie,Raithbie,braithbieex@google.com,Female,Accounting,8442,China
539,Rockie,Soppeth,rsoppethey@mediafire.com,Male,Support,3958,Russia
540,Cassius,Turfes,cturfesez@webs.com,Male,Accounting,7945,China
541,Angelika,Ledley,aledleyf0@stumbleupon.com,Female,Marketing,3717,France
542,Bernhard,Pow,bpowf1@amazon.co.uk,Male,Accounting,7049,Indonesia
543,Clemens,Lacaze,clacazef2@desdev.cn,Male,Sales,5962,Finland
544,Luise,Samworth,lsamworthf3@ebay.co.uk,Female,Product Management,8789,Norway
545,Hazel,Rigard,hrigardf4@netlog.com,Male,Support,4578,Vietnam
546,Merrili,Goodbairn,mgoodbairnf5@stanford.edu,Female,Legal,3194,Poland
547,Klarrisa,Nibloe,knibloef6@blog.com,Female,Product Management,7073,Comoros
548,Mano,Emburey,membureyf7@tumblr.com,Male,Accounting,3117,Russia
549,Prentiss,Teape,pteapef8@state.gov,Male,Legal,7926,China
550,Johnathan,Blankhorn,jblankhornf9@feedburner.com,Male,Accounting,4611,China
551,Rayna,Sprigings,rsprigingsfa@topsy.com,Female,Support,6495,Canada
552,Bernie,Luxton,bluxtonfb@de.vu,Female,Marketing,7867,Indonesia
553,Dosi,Goakes,dgoakesfc@pbs.org,Female,Sales,8645,Papua New Guinea
554,Lynelle,Meadows,lmeadowsfd@artisteer.com,Female,Human Resources,4380,Greece
555,Donelle,Blandamore,dblandamorefe@quantcast.com,Female,Product Management,4260,Sweden
556,Franky,Jzhakov,fjzhakovff@reference.com,Male,Legal,6070,Malaysia
557,Jamaal,Jodrelle,jjodrellefg@bing.com,Male,Services,5292,Portugal
558,Raphael,Giacoboni,rgiacobonifh@eventbrite.com,Male,Training,7206,Nigeria
559,Samuel,Sunners,ssunnersfi@ucsd.edu,Male,Product Management,4594,Philippines
560,Louise,Emanuelov,lemanuelovfj@dell.com,Female,Research and Development,4631,Vietnam
561,Albertine,Gerok,agerokfk@acquirethisname.com,Female,Accounting,8220,Poland
562,Rosabel,McDell,rmcdellfl@reverbnation.com,Female,Human Resources,4535,Philippines
563,Tracy,Bacchus,tbacchusfm@foxnews.com,Male,Marketing,4925,Brazil
564,Aimil,Silwood,asilwoodfn@com.com,Female,Research and Development,8736,China
565,Darill,Hartup,dhartupfo@walmart.com,Male,Training,3055,China
566,Sapphira,Petre,spetrefp@hc360.com,Female,Research and Development,6973,Czech Republic
567,Aldrich,Coneley,aconeleyfq@weebly.com,Male,Human Resources,3266,Brazil
568,Juliet,Size,jsizefr@liveinternet.ru,Female,Services,8465,Ukraine
569,Quillan,Kippin,qkippinfs@skype.com,Male,Accounting,7450,China
570,Ann-marie,Kendal,akendalft@prlog.org,Female,Sales,6355,Brazil
571,Seamus,Preshaw,spreshawfu@cam.ac.uk,Male,Support,6144,Poland
572,Tanhya,Aleveque,talevequefv@cdbaby.com,Female,Accounting,6352,Kazakhstan
573,Olivie,Inkin,oinkinfw@google.de,Female,Engineering,6771,Portugal
574,Aurore,Radsdale,aradsdalefx@bigcartel.com,Female,Legal,4742,Philippines
575,Barton,Garber,bgarberfy@nifty.com,Male,Product Management,6288,China
576,Grissel,Haxley,ghaxleyfz@samsung.com,Female,Training,6968,Philippines
577,Marney,Grishukov,mgrishukovg0@desdev.cn,Female,Training,8461,Philippines
578,Mehetabel,Smead,msmeadg1@psu.edu,Female,Sales,3272,Guatemala
579,Teodora,Brinkman,tbrinkmang2@go.com,Female,Training,6653,China
580,Frannie,Banaszczyk,fbanaszczykg3@usatoday.com,Female,Training,5683,Poland
581,Georas,Van de Velde,gvandeveldeg4@loc.gov,Male,Training,5426,Poland
582,Joceline,Staddom,jstaddomg5@un.org,Female,Business Development,8675,South Africa
583,Holden,Mattecot,hmattecotg6@eventbrite.com,Male,Human Resources,6810,Brazil
584,Kriste,Correa,kcorreag7@cbsnews.com,Female,Engineering,6797,Philippines
585,Hi,Cushe,hcusheg8@toplist.cz,Male,Legal,4688,Peru
586,Patrick,De Roberto,pderobertog9@digg.com,Male,Training,7215,Indonesia
587,Cathi,Lukesch,clukeschga@etsy.com,Female,Sales,3984,Japan
588,Brantley,Loins,bloinsgb@columbia.edu,Male,Business Development,5984,United States
589,Colline,Crooke,ccrookegc@unesco.org,Female,Human Resources,6673,China
590,Hailee,Goudard,hgoudardgd@zimbio.com,Female,Sales,8921,Indonesia
591,Morgana,Jane,mjanege@washington.edu,Female,Training,8734,Nigeria
592,Aubrey,Yanuk,ayanukgf@businesswire.com,Male,Product Management,5592,Philippines
593,Marmaduke,Kleinert,mkleinertgg@delicious.com,Male,Sales,7992,Mexico
594,Agneta,Akast,aakastgh@weather.com,Female,Research and Development,5908,Ukraine
595,Bellanca,Harbar,bharbargi@rediff.com,Female,Business Development,5574,United Kingdom
596,Archibold,Kynforth,akynforthgj@alexa.com,Male,Business Development,5282,France
597,Carmel,Waterfall,cwaterfallgk@exblog.jp,Female,Training,5639,Colombia
598,Felic,O' Kelleher,fokellehergl@bloglovin.com,Male,Legal,4685,China
599,Maryann,Peevor,mpeevorgm@163.com,Female,Support,6047,Philippines
600,Marven,Searles,msearlesgn@techcrunch.com,Male,Training,5023,Indonesia
601,Buddy,Poyntz,bpoyntzgo@skype.com,Male,Human Resources,4588,Indonesia
602,Tabitha,MacCrossan,tmaccrossangp@va.gov,Female,Sales,8211,Palestinian Territory
603,Jacky,Moberley,jmoberleygq@edublogs.org,Female,Engineering,8133,Vietnam
604,Deck,Coldham,dcoldhamgr@hud.gov,Male,Research and Development,3598,Sweden
605,Nicola,Tours,ntoursgs@ameblo.jp,Female,Marketing,3908,Germany
606,Paton,Beslier,pbesliergt@msn.com,Male,Training,3556,Brazil
607,Mitzi,MacSkeagan,mmacskeagangu@newyorker.com,Female,Support,7176,Argentina
608,Elbertina,Insworth,einsworthgv@i2i.jp,Female,Sales,3255,Czech Republic
609,Theresita,Plevey,tpleveygw@marketwatch.com,Female,Legal,6411,Venezuela
610,Brent,Feilden,bfeildengx@mac.com,Male,Research and Development,4232,China
611,Dolores,Breffitt,dbreffittgy@state.gov,Female,Business Development,4399,France
612,Winny,Guillou,wguillougz@google.pl,Female,Research and Development,7930,China
613,Wilt,Weymont,wweymonth0@amazon.de,Male,Engineering,5920,Malaysia
614,Sharai,Capoun,scapounh1@dailymail.co.uk,Female,Services,5327,Indonesia
615,Enrique,Megarry,emegarryh2@usgs.gov,Male,Human Resources,4992,Indonesia
616,Urbanus,McCheyne,umccheyneh3@mit.edu,Male,Product Management,8088,Sweden
617,Sybilla,Aspling,sasplingh4@omniture.com,Female,Product Management,7416,Sweden
618,Cyndy,Turney,cturneyh5@ucla.edu,Female,Accounting,4019,Greece
619,Randie,Attrill,rattrillh6@google.com,Female,Accounting,6308,Indonesia
620,Ky,Zmitrichenko,kzmitrichenkoh7@edublogs.org,Male,Product Management,7684,Sweden
621,Maribel,Cinavas,mcinavash8@furl.net,Female,Sales,4562,Estonia
622,Christoffer,Fauning,cfauningh9@ca.gov,Male,Human Resources,5513,Mexico
623,Sully,Matteris,smatterisha@bloglines.com,Male,Services,8458,Albania
624,Phylis,Mitton,pmittonhb@zimbio.com,Female,Services,8827,China
625,Gregor,Anfusso,ganfussohc@gmpg.org,Male,Business Development,4922,South Korea
626,Eadith,Curnock,ecurnockhd@360.cn,Female,Training,6092,Colombia
627,Mylo,Meins,mmeinshe@nytimes.com,Male,Accounting,3876,China
628,Maighdiln,Rosencrantz,mrosencrantzhf@ed.gov,Female,Training,3668,United States
629,Lucille,Filipson,lfilipsonhg@craigslist.org,Female,Engineering,3641,China
630,Pearla,Naile,pnailehh@google.ca,Female,Legal,7526,Mexico
631,Carr,Swetman,cswetmanhi@behance.net,Male,Accounting,8137,Sweden
632,Janaya,Skippings,jskippingshj@whitehouse.gov,Female,Research and Development,6905,Sweden
633,Yetty,Vittore,yvittorehk@fc2.com,Female,Business Development,4767,Argentina
634,Feliza,Mouget,fmougethl@mail.ru,Female,Sales,6418,Russia
635,Haroun,Axston,haxstonhm@etsy.com,Male,Product Management,8432,Russia
636,Averil,Minto,amintohn@comsenz.com,Female,Training,6515,Indonesia
637,Hallie,Blackster,hblacksterho@answers.com,Female,Accounting,5189,Indonesia
638,Vern,Dimsdale,vdimsdalehp@fda.gov,Male,Engineering,4299,Bosnia and Herzegovina
639,Raymond,Matteau,rmatteauhq@ed.gov,Male,Research and Development,4468,Philippines
640,Rozanna,Stainsby,rstainsbyhr@domainmarket.com,Female,Services,5365,Botswana
641,Pattie,Lightman,plightmanhs@google.pl,Male,Training,8893,Afghanistan
642,Hildagarde,Letterick,hletterickht@prlog.org,Female,Marketing,6961,Poland
643,Windham,Gilmore,wgilmorehu@sphinn.com,Male,Support,6994,China
644,Rakel,Grealey,rgrealeyhv@facebook.com,Female,Support,5977,Brazil
645,Waylon,Volk,wvolkhw@buzzfeed.com,Male,Support,6715,Indonesia
646,Lanny,MacAskie,lmacaskiehx@hibu.com,Female,Support,7665,Belize
647,Joey,Stennet,jstennethy@over-blog.com,Male,Marketing,8297,China
648,Peterus,Jeal,pjealhz@mediafire.com,Male,Training,5219,Czech Republic
649,Blanche,Wackly,bwacklyi0@bandcamp.com,Female,Human Resources,8395,Philippines
650,Zsa zsa,Lavall,zlavalli1@ebay.com,Female,Accounting,6843,China
651,Magdalene,Leivers,mleiversi2@pinterest.com,Female,Marketing,5559,China
652,Steffane,Madgin,smadgini3@gmpg.org,Female,Support,6583,Iceland
653,Griffy,Juschka,gjuschkai4@alibaba.com,Male,Research and Development,7732,China
654,Eleanore,Crat,ecrati5@disqus.com,Female,Sales,7541,Russia
655,Mikaela,Darwent,mdarwenti6@shop-pro.jp,Female,Human Resources,3651,Mexico
656,Susanna,Norrey,snorreyi7@1688.com,Female,Research and Development,8830,Greece
657,Shannah,Gerritsma,sgerritsmai8@nyu.edu,Female,Support,5242,Brazil
658,Ernest,Sherston,esherstoni9@trellian.com,Male,Sales,3129,South Africa
659,Yancey,Nell,ynellia@mapquest.com,Male,Training,3287,China
660,Kessiah,Bortolotti,kbortolottiib@npr.org,Female,Accounting,3386,France
661,Morty,Jimeno,mjimenoic@rediff.com,Male,Sales,6975,Russia
662,Dino,Browne,dbrowneid@w3.org,Male,Business Development,6743,China
663,Suzy,Mil,smilie@naver.com,Female,Services,6160,Vietnam
664,Jehanna,Normanvell,jnormanvellif@paypal.com,Female,Legal,7672,Czech Republic
665,Olin,Classen,oclassenig@geocities.jp,Male,Accounting,3966,Philippines
666,Cyrus,Goodie,cgoodieih@rambler.ru,Male,Services,5001,United States
667,Adler,Crone,acroneii@mapquest.com,Male,Research and Development,4533,Indonesia
668,Annabelle,Sawfoot,asawfootij@princeton.edu,Female,Services,4997,Moldova
669,Devon,Bushby,dbushbyik@tamu.edu,Female,Human Resources,6041,Mexico
670,Arlie,Sprigging,aspriggingil@desdev.cn,Female,Marketing,7666,China
671,Brennan,Eliez,beliezim@dedecms.com,Male,Research and Development,3850,France
672,Adair,Geddes,ageddesin@irs.gov,Male,Product Management,3224,France
673,Cece,Moret,cmoretio@mtv.com,Male,Product Management,5571,Canada
674,Almira,Kimbly,akimblyip@hostgator.com,Female,Accounting,7143,Poland
675,Ayn,Luetkemeyer,aluetkemeyeriq@joomla.org,Female,Product Management,3871,Guatemala
676,Eldridge,Danaher,edanaherir@sogou.com,Male,Services,4174,Japan
677,Betteann,MacGilfoyle,bmacgilfoyleis@earthlink.net,Female,Research and Development,4628,Belarus
678,Walt,Robberecht,wrobberechtit@usgs.gov,Male,Sales,8489,Japan
679,Thayne,Barrett,tbarrettiu@chronoengine.com,Male,Product Management,8875,Brazil
680,Lyn,Banyard,lbanyardiv@github.io,Male,Business Development,4179,China
681,Silva,Cotta,scottaiw@huffingtonpost.com,Female,Services,5970,Thailand
682,Ashleigh,Drew,adrewix@istockphoto.com,Female,Engineering,4238,El Salvador
683,Katherine,Sellner,ksellneriy@microsoft.com,Female,Product Management,4539,Brazil
684,Franny,Pegden,fpegdeniz@huffingtonpost.com,Male,Business Development,4208,Brazil
685,Sibelle,Mirfin,smirfinj0@webs.com,Female,Services,4160,Brazil
686,Weylin,Macartney,wmacartneyj1@shutterfly.com,Male,Training,7594,China
687,Elinor,Spillard,espillardj2@taobao.com,Female,Engineering,3381,Portugal
688,Buddie,Chadbourne,bchadbournej3@github.io,Male,Engineering,6661,Benin
689,Gerry,Esposita,gespositaj4@smugmug.com,Male,Legal,7099,Brazil
690,Stanley,Barthelme,sbarthelmej5@forbes.com,Male,Product Management,6875,Finland
691,Conrado,Stivani,cstivanij6@123-reg.co.uk,Male,Sales,8507,Syria
692,Yetty,Walkley,ywalkleyj7@dagondesign.com,Female,Services,3686,Lithuania
693,Danyelle,Brenstuhl,dbrenstuhlj8@vk.com,Female,Accounting,4697,Colombia
694,Sarette,Peegrem,speegremj9@tamu.edu,Female,Support,8771,China
695,Jacqui,Fishbie,jfishbieja@woothemes.com,Female,Training,8921,Indonesia
696,Anne-marie,Goose,agoosejb@wikipedia.org,Female,Business Development,4944,Philippines
697,Nappy,Gaylor,ngaylorjc@ft.com,Male,Marketing,5206,Brazil
698,Gabi,Grayne,ggraynejd@youtu.be,Female,Sales,5217,Honduras
699,Abdul,Smogur,asmogurje@barnesandnoble.com,Male,Human Resources,5413,Philippines
700,Amalee,Lamond,alamondjf@slashdot.org,Female,Services,7451,France
701,Gerome,Fawley,gfawleyjg@google.com.au,Male,Training,7667,United States
702,Tate,Slinn,tslinnjh@sfgate.com,Male,Legal,5892,Nigeria
703,Libbey,Goathrop,lgoathropji@senate.gov,Female,Marketing,7750,South Korea
704,Harri,Albarez,halbarezjj@hhs.gov,Female,Product Management,3451,China
705,Ariel,Rosser,arosserjk@ed.gov,Male,Product Management,3936,China
706,Nate,De Dantesie,ndedantesiejl@nih.gov,Male,Services,4059,Nigeria
707,Dom,Winney,dwinneyjm@auda.org.au,Male,Services,5296,Russia
708,Reade,Hudleston,rhudlestonjn@reddit.com,Male,Marketing,7473,Vietnam
709,Brad,Pridham,bpridhamjo@tumblr.com,Male,Training,7657,Australia
710,Amelia,Czadla,aczadlajp@cmu.edu,Female,Research and Development,3658,Norway
711,Karil,McSperron,kmcsperronjq@diigo.com,Female,Training,5436,Philippines
712,Perle,Poytheras,ppoytherasjr@elpais.com,Female,Engineering,8271,France
713,Brewer,McIlherran,bmcilherranjs@engadget.com,Male,Human Resources,4094,Portugal
714,Ringo,Foxhall,rfoxhalljt@wunderground.com,Male,Support,7653,Mexico
715,Benedetto,Merle,bmerleju@sun.com,Male,Support,3160,Mexico
716,Christiana,Padberry,cpadberryjv@cornell.edu,Female,Legal,8405,Costa Rica
717,Tracey,Warbey,twarbeyjw@bloglovin.com,Female,Product Management,8010,China
718,Josephina,Gass,jgassjx@illinois.edu,Female,Research and Development,5724,Indonesia
719,Aristotle,Dugald,adugaldjy@statcounter.com,Male,Business Development,3289,Sweden
720,Kyle,Annice,kannicejz@t.co,Female,Marketing,7523,Ukraine
721,Spencer,Bims,sbimsk0@ucoz.com,Male,Research and Development,5003,China
722,Stephana,Stodart,sstodartk1@histats.com,Female,Training,8703,Kuwait
723,Chrissie,Amerighi,camerighik2@drupal.org,Female,Research and Development,4332,Indonesia
724,Isadora,Hasell,ihasellk3@blogtalkradio.com,Female,Accounting,5234,Bosnia and Herzegovina
725,Milt,Bourne,mbournek4@zdnet.com,Male,Human Resources,3837,Netherlands
726,Whit,Chappelle,wchappellek5@seattletimes.com,Male,Research and Development,5133,Indonesia
727,Jillayne,Pezey,jpezeyk6@zimbio.com,Female,Support,7201,Indonesia
728,Gris,Ashbey,gashbeyk7@unicef.org,Male,Sales,7297,Ukraine
729,Leonie,Muck,lmuckk8@wikipedia.org,Female,Accounting,3784,Venezuela
730,Merrel,Sleany,msleanyk9@about.me,Male,Human Resources,7957,Indonesia
731,Nelia,Shreeve,nshreeveka@japanpost.jp,Female,Business Development,3697,Indonesia
732,Wilek,Gwioneth,wgwionethkb@ow.ly,Male,Engineering,6184,Canada
733,Frederik,Ritson,fritsonkc@nba.com,Male,Business Development,3545,Indonesia
734,Hannis,Hazley,hhazleykd@businessweek.com,Female,Support,7628,China
735,Haroun,Alkins,halkinske@cnet.com,Male,Marketing,8555,Indonesia
736,Harriett,Cheake,hcheakekf@de.vu,Female,Training,7713,Peru
737,Perren,Rumble,prumblekg@reuters.com,Male,Engineering,7136,Serbia
738,Indira,Chennells,ichennellskh@angelfire.com,Female,Accounting,3421,Sweden
739,Olga,McCurrie,omccurrieki@businesswire.com,Female,Accounting,3100,France
740,Marysa,Badby,mbadbykj@sbwire.com,Female,Marketing,8224,Philippines
741,Jennine,Kilmister,jkilmisterkk@etsy.com,Female,Human Resources,5343,Guatemala
742,Quincey,Pilsbury,qpilsburykl@imageshack.us,Male,Services,6496,Thailand
743,Dolf,Stain,dstainkm@reference.com,Male,Human Resources,8182,China
744,Davidson,Rielly,driellykn@hexun.com,Male,Business Development,4258,China
745,Bordie,Collard,bcollardko@marriott.com,Male,Business Development,6836,Indonesia
746,Jaymee,Luard,jluardkp@virginia.edu,Female,Research and Development,5028,Sweden
747,Lorain,Backen,lbackenkq@tuttocitta.it,Female,Legal,5462,Russia
748,Analiese,Bayley,abayleykr@nhs.uk,Female,Engineering,3731,Brazil
749,Albertine,Beaconsall,abeaconsallks@cbsnews.com,Female,Research and Development,7873,Ethiopia
750,Theda,Guerrin,tguerrinkt@fotki.com,Female,Human Resources,3267,China
751,Vassili,Gounet,vgounetku@marketwatch.com,Male,Engineering,8852,Ethiopia
752,Irina,Simondson,isimondsonkv@so-net.ne.jp,Female,Training,5186,Guatemala
753,Byrann,Doncaster,bdoncasterkw@cpanel.net,Male,Accounting,5591,China
754,Christophorus,Moakler,cmoaklerkx@craigslist.org,Male,Engineering,8887,China
755,Maggy,Plumm,mplummky@yelp.com,Female,Research and Development,3036,Mauritania
756,Tripp,Presslee,tpressleekz@ning.com,Male,Sales,4052,Indonesia
757,Coleen,Pancoust,cpancoustl0@hao123.com,Female,Support,6834,Ivory Coast
758,Farlee,Rasch,fraschl1@tmall.com,Male,Research and Development,8206,Russia
759,Teri,Felder,tfelderl2@washington.edu,Female,Marketing,8324,Indonesia
760,Beret,Couvert,bcouvertl3@xing.com,Female,Marketing,6020,Portugal
761,Bennie,Kinver,bkinverl4@google.fr,Female,Research and Development,3310,Chile
762,Mignon,Gerssam,mgerssaml5@pbs.org,Female,Sales,4088,China
763,Hinze,Emmet,hemmetl6@mashable.com,Male,Product Management,6688,Honduras
764,Kendricks,Tollet,ktolletl7@miitbeian.gov.cn,Male,Training,8305,Poland
765,Nanette,D'Oyley,ndoyleyl8@hp.com,Female,Business Development,7888,China
766,Valentino,Kleimt,vkleimtl9@timesonline.co.uk,Male,Legal,6544,Japan
767,Aeriell,Disbrey,adisbreyla@gnu.org,Female,Marketing,6879,Poland
768,Hildy,Poytheras,hpoytheraslb@live.com,Female,Engineering,7855,Japan
769,Cathyleen,Jatczak,cjatczaklc@taobao.com,Female,Marketing,5590,Russia
770,Raquela,Whenham,rwhenhamld@imdb.com,Female,Research and Development,4511,Belarus
771,Bibby,Thomke,bthomkele@mapy.cz,Female,Research and Development,5350,Russia
772,Ailis,Headan,aheadanlf@prnewswire.com,Female,Research and Development,3444,United States
773,Sig,Kinge,skingelg@unblog.fr,Male,Research and Development,7993,Palestinian Territory
774,Sarena,Sproule,ssproulelh@usa.gov,Female,Training,3978,Russia
775,Tanner,Brimblecombe,tbrimblecombeli@lulu.com,Male,Marketing,3742,Indonesia
776,Jacynth,Fortey,jforteylj@youtube.com,Female,Marketing,4786,Brazil
777,Geneva,McElroy,gmcelroylk@google.cn,Female,Business Development,3337,France
778,Hildagard,Burrell,hburrellll@addthis.com,Female,Services,8836,Mexico
779,Abbot,Goretti,agorettilm@walmart.com,Male,Product Management,6904,Philippines
780,Wally,Devoy,wdevoyln@senate.gov,Male,Services,5539,Greece
781,Lane,Giraldon,lgiraldonlo@technorati.com,Male,Research and Development,3846,Argentina
782,Rosabel,Trussman,rtrussmanlp@apache.org,Female,Engineering,6640,Macedonia
783,Reginauld,Leirmonth,rleirmonthlq@redcross.org,Male,Accounting,6263,Mexico
784,Cliff,Crossingham,ccrossinghamlr@netscape.com,Male,Accounting,5535,South Africa
785,Vassily,Oldroyd,voldroydls@latimes.com,Male,Product Management,7449,Thailand
786,Ayn,Jarad,ajaradlt@sun.com,Female,Sales,6248,Tajikistan
787,Symon,Gossage,sgossagelu@discovery.com,Male,Product Management,3190,China
788,Chad,Egdal,cegdallv@ocn.ne.jp,Female,Marketing,6264,Nigeria
789,Weider,Keirle,wkeirlelw@lycos.com,Male,Legal,4920,Russia
790,Shaylyn,Kane,skanelx@businesswire.com,Female,Support,6563,Indonesia
791,Maurise,Marsters,mmarstersly@liveinternet.ru,Male,Product Management,8949,Russia
792,Crysta,Fildes,cfildeslz@oakley.com,Female,Training,7712,Indonesia
793,Farrand,Chandlar,fchandlarm0@google.pl,Female,Accounting,7664,Sweden
794,Tierney,Pietsma,tpietsmam1@dell.com,Female,Marketing,8709,Russia
795,Granny,Teague,gteaguem2@yandex.ru,Male,Product Management,5474,China
796,Leif,Copner,lcopnerm3@wufoo.com,Male,Product Management,8395,China
797,Quinton,Harbron,qharbronm4@theatlantic.com,Male,Services,7950,Sweden
798,Shayne,Treleaven,streleavenm5@answers.com,Male,Research and Development,7081,China
799,Hershel,McGrill,hmcgrillm6@tuttocitta.it,Male,Support,4927,China
800,Dionne,Ducham,dduchamm7@time.com,Female,Accounting,3214,Canada
801,Chrissy,Cecere,ccecerem8@moonfruit.com,Male,Engineering,8634,Philippines
802,Chery,Dobbson,cdobbsonm9@about.com,Female,Support,8103,Argentina
803,Northrop,Greenly,ngreenlyma@over-blog.com,Male,Engineering,5810,Peru
804,Forest,Mowsley,fmowsleymb@state.tx.us,Male,Sales,8154,China
805,Kelila,Nollet,knolletmc@ihg.com,Female,Accounting,3535,Brazil
806,Rhett,Titmarsh,rtitmarshmd@mapquest.com,Male,Sales,3136,Serbia
807,Myles,Barz,mbarzme@cloudflare.com,Male,Sales,5704,East Timor
808,Corri,Keyson,ckeysonmf@t.co,Female,Training,8817,Botswana
809,Nelson,Atterley,natterleymg@wix.com,Male,Services,4738,Indonesia
810,Zenia,MacCoveney,zmaccoveneymh@woothemes.com,Female,Product Management,3418,Thailand
811,Silvain,Breinl,sbreinlmi@irs.gov,Male,Support,4926,Morocco
812,Briney,Adamski,badamskimj@addthis.com,Female,Accounting,6706,China
813,Joe,Braun,jbraunmk@a8.net,Male,Human Resources,7545,Colombia
814,Flemming,Hallows,fhallowsml@live.com,Male,Services,6557,Indonesia
815,Caralie,MacTeggart,cmacteggartmm@addtoany.com,Female,Services,3430,France
816,Sharlene,Malster,smalstermn@hubpages.com,Female,Training,5944,Mongolia
817,Perry,Bosanko,pbosankomo@privacy.gov.au,Male,Support,6461,China
818,Isabella,Joskowicz,ijoskowiczmp@soup.io,Female,Engineering,6162,Poland
819,Boot,Mannock,bmannockmq@altervista.org,Male,Sales,8749,Russia
820,Jermaine,Blowes,jblowesmr@artisteer.com,Male,Sales,8814,South Korea
821,Gay,Bottomer,gbottomerms@phpbb.com,Female,Legal,6452,United Kingdom
822,Rodolfo,Gowman,rgowmanmt@sohu.com,Male,Support,5971,Czech Republic
823,Lesya,De Moreno,ldemorenomu@facebook.com,Female,Business Development,7891,China
824,Gabriellia,Petrov,gpetrovmv@unblog.fr,Female,Sales,5332,China
825,Crawford,Donhardt,cdonhardtmw@stanford.edu,Male,Support,6045,Burkina Faso
826,Micky,Gresty,mgrestymx@jigsy.com,Male,Accounting,5222,Sweden
827,Yoshiko,Bevar,ybevarmy@1und1.de,Female,Sales,5853,Philippines
828,Tamarah,Sedger,tsedgermz@fda.gov,Female,Support,4595,Portugal
829,Sheffie,Hintzer,shintzern0@yellowbook.com,Male,Training,6320,Netherlands
830,Iseabal,Arkell,iarkelln1@hhs.gov,Female,Support,4242,Russia
831,Georgine,Brien,gbrienn2@dagondesign.com,Female,Human Resources,4804,Russia
832,Yorker,Hinchcliffe,yhinchcliffen3@nps.gov,Male,Human Resources,6045,Iran
833,Marley,Cerro,mcerron4@toplist.cz,Female,Services,4309,Brazil
834,Marsha,Aindrais,maindraisn5@prlog.org,Female,Research and Development,3034,Haiti
835,Carlene,Evins,cevinsn6@cnn.com,Female,Human Resources,7507,Greece
836,Roxie,Brinicombe,rbrinicomben7@imdb.com,Female,Research and Development,7068,Thailand
837,Pammy,Matuskiewicz,pmatuskiewiczn8@virginia.edu,Female,Engineering,3243,China
838,Gusty,Juhruke,gjuhruken9@mapy.cz,Female,Research and Development,8920,Russia
839,Gizela,Langdridge,glangdridgena@amazon.com,Female,Accounting,6640,Portugal
840,Tobiah,Reah,treahnb@wikimedia.org,Male,Accounting,8013,China
841,Corbet,Colbertson,ccolbertsonnc@google.pl,Male,Marketing,8042,Canada
842,Pepe,Handke,phandkend@fotki.com,Male,Research and Development,5858,Indonesia
843,Nara,Panons,npanonsne@mtv.com,Female,Product Management,4498,China
844,Padgett,Colyer,pcolyernf@ameblo.jp,Male,Accounting,7826,Indonesia
845,Rad,Burgher,rburgherng@tinyurl.com,Male,Sales,7189,China
846,Glynnis,Fairclough,gfaircloughnh@goo.gl,Female,Support,6290,China
847,Alano,Kalkofer,akalkoferni@youtube.com,Male,Engineering,4772,Mozambique
848,Pate,Reynault,preynaultnj@google.ru,Male,Engineering,7972,Russia
849,Eirena,Kenryd,ekenrydnk@tuttocitta.it,Female,Training,5817,Syria
850,Thorndike,Jerred,tjerrednl@youtube.com,Male,Sales,8940,Tanzania
851,Lucho,Marcinkus,lmarcinkusnm@pbs.org,Male,Human Resources,8197,Philippines
852,Gavrielle,Loach,gloachnn@aboutads.info,Female,Legal,5118,Brazil
853,Zedekiah,McAless,zmcalessno@fc2.com,Male,Services,7506,Russia
854,Mariya,Braney,mbraneynp@joomla.org,Female,Engineering,4247,Portugal
855,Terry,Neeves,tneevesnq@latimes.com,Male,Research and Development,4688,China
856,Dinny,Henryson,dhenrysonnr@wisc.edu,Female,Services,5383,Portugal
857,Lorrin,Bearcroft,lbearcroftns@tumblr.com,Female,Product Management,6699,Indonesia
858,Wendell,Snelson,wsnelsonnt@archive.org,Male,Business Development,6770,China
859,Kiley,Bicknell,kbicknellnu@usa.gov,Female,Human Resources,8952,Laos
860,Gena,Jermin,gjerminnv@washington.edu,Female,Support,8378,Thailand
861,Stefanie,Ewence,sewencenw@oakley.com,Female,Product Management,7798,Angola
862,Agathe,Carr,acarrnx@rakuten.co.jp,Female,Legal,8616,Vietnam
863,Neille,Bowland,nbowlandny@prnewswire.com,Female,Sales,4932,Greece
864,Geraldine,Morat,gmoratnz@loc.gov,Female,Product Management,7012,China
865,Orly,Baudin,obaudino0@ucsd.edu,Female,Human Resources,7556,Sweden
866,Sharity,L'Amie,slamieo1@tripod.com,Female,Engineering,7552,China
867,Chariot,Steagall,csteagallo2@state.tx.us,Male,Research and Development,5029,Denmark
868,Kass,Forbes,kforbeso3@europa.eu,Female,Human Resources,8211,Germany
869,Ike,Cleaver,icleavero4@netscape.com,Male,Product Management,8608,Namibia
870,Bordy,Van den Bosch,bvandenboscho5@ask.com,Male,Sales,6669,Brazil
871,Rosanne,Chasteney,rchasteneyo6@1688.com,Female,Legal,6216,China
872,Selinda,Huriche,shuricheo7@reuters.com,Female,Human Resources,8029,Lithuania
873,Annabel,Meanwell,ameanwello8@washingtonpost.com,Female,Product Management,6560,Russia
874,Klemens,Ashingden,kashingdeno9@com.com,Male,Sales,7592,Portugal
875,Dyanne,Dowdeswell,ddowdeswelloa@marriott.com,Female,Sales,5938,China
876,Aili,Lefever,alefeverob@biglobe.ne.jp,Female,Support,4594,Poland
877,Axe,Vasovic,avasovicoc@oracle.com,Male,Research and Development,5228,Indonesia
878,Gaspar,Pynner,gpynnerod@addtoany.com,Male,Sales,7964,Philippines
879,Katusha,Sawer,ksaweroe@homestead.com,Female,Marketing,6206,Philippines
880,Rebekah,Spowart,rspowartof@addtoany.com,Female,Sales,4335,Russia
881,Loy,Franzelini,lfranzeliniog@clickbank.net,Male,Product Management,6923,Philippines
882,Pen,MacLese,pmacleseoh@slate.com,Female,Research and Development,6929,Poland
883,Jory,Sturt,jsturtoi@cargocollective.com,Male,Services,4566,Morocco
884,Sully,Loiterton,sloitertonoj@imdb.com,Male,Legal,8631,Indonesia
885,Eulalie,Pheasant,epheasantok@hostgator.com,Female,Training,8992,France
886,Jess,Pollett,jpollettol@woothemes.com,Male,Research and Development,4516,Russia
887,Laurene,Kuhndel,lkuhndelom@hp.com,Female,Support,6217,China
888,Erinna,Owers,eowerson@t.co,Female,Services,6848,Philippines
889,Oby,Tweed,otweedoo@constantcontact.com,Male,Services,4061,Netherlands
890,Alwyn,Peatt,apeattop@hubpages.com,Male,Accounting,6702,United States
891,Emmalynne,O'Kinneally,eokinneallyoq@alibaba.com,Female,Accounting,4487,China
892,Carolus,Whisson,cwhissonor@weebly.com,Male,Marketing,6491,Brazil
893,Jerrome,Sinkin,jsinkinos@indiegogo.com,Male,Services,4981,France
894,Immanuel,Quig,iquigot@livejournal.com,Male,Research and Development,3651,Norway
895,Brooks,Leedes,bleedesou@nydailynews.com,Male,Engineering,5210,Indonesia
896,Eberto,Kellegher,ekellegherov@springer.com,Male,Engineering,8212,Lithuania
897,Tait,Hammer,thammerow@ocn.ne.jp,Male,Accounting,3998,Tunisia
898,Melamie,Faragan,mfaraganox@google.com.au,Female,Sales,3025,Russia
899,Maurene,Worster,mworsteroy@wunderground.com,Female,Sales,8825,China
900,Ediva,Benois,ebenoisoz@timesonline.co.uk,Female,Services,6570,Brazil
901,Ferris,Winstanley,fwinstanleyp0@example.com,Male,Marketing,5097,China
902,Marcos,Cortnay,mcortnayp1@indiatimes.com,Male,Services,3149,Indonesia
903,Carmine,Cottam,ccottamp2@marriott.com,Male,Support,5845,Russia
904,Andrus,Ketts,akettsp3@buzzfeed.com,Male,Legal,8483,China
905,Charlotta,Clyburn,cclyburnp4@europa.eu,Female,Accounting,8374,China
906,Maryjo,Hillett,mhillettp5@mlb.com,Female,Human Resources,8433,Serbia
907,Pedro,Bonin,pboninp6@furl.net,Male,Marketing,6068,Nigeria
908,Hendrik,Bru,hbrup7@pen.io,Male,Business Development,3674,Indonesia
909,Izak,Scadding,iscaddingp8@nydailynews.com,Male,Product Management,6102,Peru
910,Dudley,Ricoald,dricoaldp9@mlb.com,Male,Training,7396,China
911,Iggie,Trowle,itrowlepa@surveymonkey.com,Male,Support,4920,Uzbekistan
912,Ranice,Zannotelli,rzannotellipb@php.net,Female,Services,8694,China
913,Ethe,Villa,evillapc@admin.ch,Male,Training,6674,Malaysia
914,Rabi,De Avenell,rdeavenellpd@uol.com.br,Male,Business Development,5085,Venezuela
915,Ariel,Purkis,apurkispe@nsw.gov.au,Male,Human Resources,7645,Thailand
916,Olimpia,Culshew,oculshewpf@gravatar.com,Female,Services,7575,Sweden
917,Cosmo,Libri,clibripg@yellowpages.com,Male,Accounting,5625,Colombia
918,Marlena,Dumphy,mdumphyph@cloudflare.com,Female,Research and Development,8505,Pakistan
919,Huey,Hollows,hhollowspi@seesaa.net,Male,Business Development,5557,Canada
920,Conni,Costigan,ccostiganpj@alexa.com,Female,Legal,8144,Indonesia
921,Sayre,Collingwood,scollingwoodpk@networkadvertising.org,Male,Marketing,5567,Philippines
922,Joanne,Marcombe,jmarcombepl@webnode.com,Female,Sales,5648,China
923,Lishe,McKennan,lmckennanpm@slashdot.org,Female,Accounting,8253,Finland
924,Erhard,Badger,ebadgerpn@umich.edu,Male,Legal,7085,Palestinian Territory
925,Malanie,Scoggins,mscogginspo@hostgator.com,Female,Product Management,8751,Indonesia
926,Mureil,Khosa,mkhosapp@youtu.be,Female,Engineering,3580,China
927,Tades,Lumsden,tlumsdenpq@oracle.com,Male,Support,4600,United States
928,Emmit,Mackness,emacknesspr@guardian.co.uk,Male,Business Development,8044,China
929,Hedvige,Chattock,hchattockps@mtv.com,Female,Legal,4447,China
930,Jori,Mollin,jmollinpt@symantec.com,Female,Legal,3428,China
931,Joelle,Latta,jlattapu@ow.ly,Female,Human Resources,5685,Thailand
932,Loria,Gillaspy,lgillaspypv@ftc.gov,Female,Sales,5552,Indonesia
933,Verile,Nairns,vnairnspw@youtu.be,Female,Accounting,3390,China
934,Cornelle,Basile,cbasilepx@noaa.gov,Female,Accounting,6519,Argentina
935,Juli,Jostan,jjostanpy@woothemes.com,Female,Accounting,6908,China
936,Shelbi,Sculley,ssculleypz@msu.edu,Female,Sales,6992,China
937,Rosetta,Weblin,rweblinq0@mozilla.com,Female,Engineering,3890,Myanmar
938,Quincey,Beeck,qbeeckq1@dailymotion.com,Male,Support,5090,Rwanda
939,Kipp,Torrisi,ktorrisiq2@yelp.com,Male,Sales,3707,China
940,Jorry,Picton,jpictonq3@bizjournals.com,Female,Marketing,5108,Brazil
941,Leupold,Hellwig,lhellwigq4@barnesandnoble.com,Male,Marketing,3611,China
942,Jocelyne,Khosa,jkhosaq5@altervista.org,Female,Human Resources,7134,Russia
943,Meta,Genese,mgeneseq6@jigsy.com,Female,Accounting,8395,Ireland
944,Loutitia,Well,lwellq7@unc.edu,Female,Business Development,5943,Greece
945,Darin,Novis,dnovisq8@imdb.com,Male,Legal,7614,Pakistan
946,Tara,Hartopp,thartoppq9@marketwatch.com,Female,Marketing,3906,Cuba
947,Llewellyn,Lutwidge,llutwidgeqa@independent.co.uk,Male,Support,8012,Philippines
948,Mayor,Tallet,mtalletqb@comcast.net,Male,Sales,7567,Portugal
949,Shannah,Bandt,sbandtqc@home.pl,Female,Marketing,7722,Ukraine
950,Alisa,Roycraft,aroycraftqd@hud.gov,Female,Engineering,7958,Jamaica
951,Errick,Walas,ewalasqe@cbsnews.com,Male,Business Development,6930,Peru
952,Lani,Bartelet,lbarteletqf@statcounter.com,Female,Business Development,5782,Montenegro
953,Sadie,Shercliff,sshercliffqg@flickr.com,Female,Engineering,8319,United States
954,Sheffield,Ceaser,sceaserqh@stumbleupon.com,Male,Legal,3352,France
955,Rey,Kevane,rkevaneqi@smh.com.au,Female,Human Resources,8197,Nicaragua
956,Graham,Porte,gporteqj@vkontakte.ru,Male,Training,8225,Uzbekistan
957,Farica,Flinn,fflinnqk@shop-pro.jp,Female,Support,5321,China
958,Salim,Camelli,scamelliql@usa.gov,Male,Support,5050,Sweden
959,Tarah,Wildber,twildberqm@usda.gov,Female,Support,7638,Yemen
960,Courtnay,Totterdill,ctotterdillqn@ustream.tv,Male,Product Management,8951,Georgia
961,Constantina,Gallie,cgallieqo@seattletimes.com,Female,Sales,5589,China
962,Fitzgerald,Rann,frannqp@scribd.com,Male,Legal,3649,Armenia
963,Wang,Saich,wsaichqq@yellowbook.com,Male,Engineering,4165,United States
964,Annette,Cromly,acromlyqr@slideshare.net,Female,Business Development,7867,Pakistan
965,Newton,Creaser,ncreaserqs@squarespace.com,Male,Business Development,3669,Russia
966,Oswald,Nannini,onanniniqt@census.gov,Male,Engineering,5620,China
967,Bradley,Greiser,bgreiserqu@furl.net,Male,Engineering,8738,United States
968,Ginelle,Bowen,gbowenqv@sitemeter.com,Female,Marketing,6483,China
969,Nap,Cruddace,ncruddaceqw@youku.com,Male,Training,4382,Indonesia
970,Thalia,Synder,tsynderqx@wsj.com,Female,Marketing,8677,Canada
971,Adrianne,Frift,afriftqy@paginegialle.it,Female,Human Resources,5178,Cameroon
972,Verina,Beachamp,vbeachampqz@reverbnation.com,Female,Support,5575,China
973,Glennie,Teek,gteekr0@google.co.jp,Female,Sales,5542,Bosnia and Herzegovina
974,Bailie,Mouth,bmouthr1@t.co,Male,Business Development,4264,China
975,Claudell,Challin,cchallinr2@nymag.com,Male,Sales,7404,Sweden
976,Pancho,Argile,pargiler3@washington.edu,Male,Engineering,8210,South Korea
977,Cornelle,Heisman,cheismanr4@indiegogo.com,Female,Business Development,4748,Thailand
978,Lauralee,Horsted,lhorstedr5@1und1.de,Female,Engineering,6902,Japan
979,Ulrick,Pauley,upauleyr6@soundcloud.com,Male,Research and Development,8195,Colombia
980,Lolly,Drackford,ldrackfordr7@tuttocitta.it,Female,Legal,4528,Syria
981,Debra,Carty,dcartyr8@alexa.com,Female,Human Resources,7748,Belarus
982,Fraser,Groarty,fgroartyr9@nbcnews.com,Male,Services,4607,Haiti
983,Demetra,Margerrison,dmargerrisonra@a8.net,Female,Sales,4776,Indonesia
984,Bearnard,Hillock,bhillockrb@theatlantic.com,Male,Product Management,3707,Iran
985,Reynard,Sheasby,rsheasbyrc@mac.com,Male,Human Resources,3311,China
986,Kamilah,Glasson,kglassonrd@people.com.cn,Female,Marketing,6207,Latvia
987,Fianna,Filipovic,ffilipovicre@chicagotribune.com,Female,Engineering,3054,China
988,Dani,Pollicott,dpollicottrf@addthis.com,Female,Human Resources,7917,Indonesia
989,Sargent,Spear,sspearrg@independent.co.uk,Male,Support,7280,China
990,Cindra,Breens,cbreensrh@smh.com.au,Female,Business Development,4000,Portugal
991,Rudie,Orbell,rorbellri@sogou.com,Male,Services,7790,Brazil
992,Maggie,Filler,mfillerrj@devhub.com,Female,Research and Development,5599,United States
993,Nataniel,Vize,nvizerk@godaddy.com,Male,Sales,7784,China
994,Dalila,Lutman,dlutmanrl@tinypic.com,Female,Sales,4585,China
995,Martin,Spring,mspringrm@goodreads.com,Male,Legal,7416,Ecuador
996,Judy,Christian,jchristianrn@cdbaby.com,Female,Human Resources,7373,Russia
997,Gerardo,Coolson,gcoolsonro@biglobe.ne.jp,Male,Accounting,8013,Serbia
998,Jacinda,Thoma,jthomarp@statcounter.com,Female,Support,4424,Albania
999,Gilly,Eggle,gegglerq@yandex.ru,Female,Services,5111,Bolivia
1000,Clifford,Gainor,cgainorrr@npr.org,Male,Research and Development,8969,Indonesia
